{
  "file": "/home/liu/lyz/Human/Datasets/SMPLX/P1.npz",
  "num_frames": 824,
  "dim": 272,
  "example_first_row": [
    0.002120286226272583,
    0.0006651877774856985,
    0.1030330937943646,
    0.01032631032961972,
    0.013903982867779092,
    0.9998334612265214,
    -0.9945807462662718,
    0.015047163412773942,
    0.0,
    0.0,
    0.0,
    -0.020823881030082703,
    -0.09163165092468262,
    -0.06194472312927246,
    -0.028727754950523376,
    -0.10451924800872803,
    0.05917501449584961,
    -0.026619046926498413,
    0.11016029119491577,
    0.0015601515769958496,
    -0.04063601791858673,
    -0.4724297523498535,
    -0.0956239104270935,
    -0.048346251249313354,
    -0.46746575832366943,
    0.09714585542678833,
    -0.042215555906295776,
    0.24145233631134033,
    -0.003821730613708496,
    -0.1193491667509079,
    -0.8685706853866577,
    -0.04831802845001221,
    -0.09267555177211761,
    -0.8755066394805908,
    0.06747597455978394,
    -0.023194894194602966,
    0.2968512773513794,
    0.01151740550994873,
    -0.003628551959991455,
    -0.9440557956695557,
    -0.0702899694442749,
    0.019518688321113586,
    -0.9536131620407104,
    0.08730250597000122,
    -0.03250984847545624,
    0.4635276794433594,
    0.0351792573928833,
    -0.011302366852760315,
    0.38513946533203125,
    -0.026965975761413574,
    -0.03144502639770508,
    0.3784130811691284,
    0.06487458944320679,
    0.03698502480983734,
    0.611608624458313,
    0.040794432163238525,
    0.025838539004325867,
    0.4378182888031006,
    -0.14373502135276794,
    -0.03292202949523926,
    0.4123033285140991,
    0.17621564865112305,
    0.02143266797065735,
    0.19074320793151855,
    -0.24630886316299438,
    -0.03259590268135071,
    0.16200590133666992,
    0.2898173928260803,
    0.1157391145825386,
    -0.04403114318847656,
    -0.2517823576927185,
    0.05671355128288269,
    -0.06967610120773315,
    0.316964328289032,
    0.0,
    0.0,
    0.0,
    -0.0003097951121162623,
    7.688998448429629e-05,
    -8.940695806813892e-06,
    -9.387730824528262e-05,
    2.503394898667466e-05,
    -1.788139229574881e-06,
    0.00022664664720650762,
    5.185603731661104e-05,
    0.00011444091069279239,
    -0.0016365944175049663,
    0.0001645088050281629,
    -0.00021815298532601446,
    -0.0005878507508896291,
    3.218650817871094e-05,
    -0.00018954275583382696,
    0.0002592802047729492,
    7.152556645451114e-05,
    0.0004917383193969727,
    -0.00254765129648149,
    0.0003290176100563258,
    -0.00035226342151872814,
    -0.001142173889093101,
    0.00011801718937931582,
    -0.0005435943603515625,
    5.811452410853235e-06,
    0.00017166136240120977,
    0.00043988224933855236,
    -0.002841800218448043,
    -2.503394898667466e-05,
    -0.0006920098676346242,
    -0.0010737776756286621,
    0.00018239019846078008,
    -0.0006777047528885305,
    -0.00045955178211443126,
    0.00020742414926644415,
    1.788139229574881e-06,
    -0.00025391578674316406,
    0.00010371207463322207,
    0.0002038478705799207,
    -0.00021100042795296758,
    0.000289678544504568,
    0.00022709368204232305,
    -0.0011144578456878662,
    0.0005185604095458984,
    -6.61611557006836e-05,
    -0.0007049738778732717,
    0.0007116794004105031,
    0.00033438202808611095,
    -0.000591874064411968,
    0.0017523764399811625,
    -0.00022530554269906133,
    -0.0008310377015732229,
    0.0006544589414261281,
    0.0004720687575172633,
    -0.0007402896299026906,
    0.0017845629481598735,
    -0.00015735624765511602,
    0.000497773289680481,
    0.0011891125468537211,
    0.00043809410999529064,
    -0.0008925049914978445,
    0.0017255543498322368,
    -0.00015735624765511602,
    0.1030330937943646,
    0.01032631032961972,
    0.013903982867779092,
    0.9998334612265214,
    -0.9945807462662718,
    0.015047163412773942,
    0.9967887623269014,
    0.07553423336268533,
    -0.0762272805605998,
    0.9967488316293073,
    0.024526821994295334,
    0.0280418657710641,
    0.9970624392760445,
    -0.0014780218836420924,
    0.0010358543531787526,
    0.9999825654166424,
    -0.07658602477386656,
    -0.005717019683560834,
    0.9995132548616752,
    -0.0297831699078413,
    0.030492197355042452,
    0.9955662360206423,
    0.006593880214344825,
    -0.08922349738679557,
    0.9991501434709901,
    -0.025889060855963198,
    0.023962108669496034,
    0.9979661252751308,
    0.033538159609780946,
    0.05825263368585315,
    0.9971402169790332,
    -0.019792508928698473,
    0.023598301257769586,
    0.9983841624653812,
    -0.07179490135625427,
    0.053266506630405046,
    0.9996691287381719,
    0.020619177185250734,
    -0.019587496619298796,
    0.9977278438743813,
    0.016672223128706747,
    -0.06414046374934902,
    0.9995322396631655,
    0.017858406632102024,
    -0.018716170014501772,
    0.9992204992023408,
    0.0241869149319378,
    0.03520612569408239,
    0.9966745954060017,
    -0.044430687312024555,
    0.05055319540350196,
    0.9945953940766719,
    -0.0639071616235479,
    0.09383984285180123,
    0.9985517061896066,
    -0.05202499322134543,
    0.0457864714451987,
    0.9555495654194547,
    0.028250470764633925,
    0.29020411455906375,
    0.9999984526435519,
    -0.0014277103007345668,
    0.0014263466088169227,
    0.9999981031886952,
    -0.0010296824042003,
    -0.0013248631283896398,
    0.9999951289966329,
    -0.003090665386694178,
    0.0030909107820035414,
    0.9999950642032299,
    -0.00043388194878860183,
    0.0005651164887099973,
    0.9985013521638095,
    -0.052909140854800245,
    0.05008496187393024,
    0.9864717730351701,
    0.022057795019701752,
    0.15515818966092293,
    0.9811319889400071,
    0.0859893617698637,
    -0.10915889700811583,
    0.9856114455380657,
    0.15957554788437125,
    0.1455194422981892,
    0.9817580177123505,
    -0.0857667503333256,
    0.09765778902342749,
    0.9932239647223962,
    -0.1631384409039509,
    0.07842334115800838,
    0.9999991771726585,
    -0.0012718419361479993,
    0.0012718642711806811,
    0.9999991823002826,
    0.00016737766159126907,
    -0.00013347979493416088,
    0.5751273597385346,
    0.7165244004841158,
    -0.734071154914179,
    0.6649941377474662,
    0.3610651736226378,
    0.2106551216381463,
    0.6587347770010048,
    -0.7006651539361866,
    0.6990121439941539,
    0.7047127947605453,
    -0.2782993282746707,
    0.11157158670719818,
    0.8638992076403614,
    0.30793688440653133,
    -0.34705551596842155,
    0.9374270505451963,
    0.3650077093353623,
    0.1624973849885982,
    0.876764156053937,
    -0.27506791353412935,
    0.280729869385614,
    0.958750782523623,
    -0.39048092795137096,
    0.07165598338116094,
    0.9685249909443044,
    0.08191205132175042,
    -0.10028501587325125,
    0.9926808953426507,
    0.22782066962336175,
    0.08874151153759105,
    0.9551279909460413,
    -0.04374036471992038,
    0.047089497010310746,
    0.9988810418867948,
    -0.2924262303260342,
    0.017984567087350807
  ]
}